[
  {
    "name": "Rashid Khan Arman",
    "nationalteam": "Afghanistan",
    "battingStyle": "Right hand Bat",
    "bowlingStyle": "Legbreak Googly",
    "playingRole": "Bowling Allrounder",
    "image": "https://img1.hscicdn.com/image/upload/f_auto/lsci/db/PICTURES/CMS/289200/289234.1.jpg",
    "team": "Joburg Super Kings"
  },
  {
    "name": "Dewald Brevis",
    "nationalteam": "South Africa",
    "battingStyle": "Right hand Bat",
    "bowlingStyle": "Legbreak",
    "playingRole": "Batting Allrounder",
    "image": "https://img1.hscicdn.com/image/upload/f_auto/lsci/db/PICTURES/CMS/333900/333935.4.jpg",
    "team": "Joburg Super Kings"
  },
  {
    "name": "Samuel Matthew Curran",
    "nationalteam": "England",
    "battingStyle": "Left hand Bat",
    "bowlingStyle": "Left arm Medium fast",
    "playingRole": "Allrounder",
    "image": "https://img1.hscicdn.com/image/upload/f_auto/lsci/db/PICTURES/CMS/304300/304324.jpg",
    "team": "Joburg Super Kings"
  },
  {
    "name": "Beuran Eric Hendricks",
    "nationalteam": "South Africa",
    "battingStyle": "Left hand Bat",
    "bowlingStyle": "Left arm Fast medium",
    "playingRole": "Bowler",
    "image": "https://img1.hscicdn.com/image/upload/f_auto/lsci/db/PICTURES/CMS/317900/317967.jpg",
    "team": "Joburg Super Kings"
  },
  {
    "name": "Jofra Chioke Archer",
    "nationalteam": "England",
    "battingStyle": "Right hand Bat",
    "bowlingStyle": "Right arm Fast",
    "playingRole": "Bowler",
    "image": "https://img1.hscicdn.com/image/upload/f_auto/lsci/db/PICTURES/CMS/305000/305033.jpg",
    "team": "Joburg Super Kings"
  },
  {
    "name": "Duan Jansen",
    "nationalteam": "South Africa",
    "battingStyle": "Right hand Bat",
    "bowlingStyle": "Left arm Fast",
    "playingRole": "Bowler",
    "image": "https://www.espncricinfo.com/static/images/espncricinfo-og.png",
    "team": "Joburg Super Kings"
  },
  {
    "name": "Henry James Hamilton Brookes",
    "nationalteam": "England",
    "battingStyle": "Right hand Bat",
    "bowlingStyle": "Right arm Fast medium",
    "playingRole": "Bowler",
    "image": "https://img1.hscicdn.com/image/upload/f_auto/lsci/db/PICTURES/CMS/306800/306858.1.jpg",
    "team": "Joburg Super Kings"
  },
  {
    "name": "Timothy Hays David",
    "nationalteam": "Australia",
    "battingStyle": "Right hand Bat",
    "bowlingStyle": "Right arm Offbreak",
    "playingRole": "Middle order Batter",
    "image": "https://img1.hscicdn.com/image/upload/f_auto/lsci/db/PICTURES/CMS/313600/313639.1.jpg",
    "team": "Joburg Super Kings"
  },
  {
    "name": "George Fredrik Linde",
    "nationalteam": "South Africa",
    "battingStyle": "Left hand Bat",
    "bowlingStyle": "Slow Left arm Orthodox",
    "playingRole": "Allrounder",
    "image": "https://img1.hscicdn.com/image/upload/f_auto/lsci/db/PICTURES/CMS/317900/317960.jpg",
    "team": "Joburg Super Kings"
  },
  {
    "name": "Liam Stephen Livingstone",
    "nationalteam": "England",
    "battingStyle": "Right hand Bat",
    "bowlingStyle": "Right arm Offbreak, Legbreak",
    "playingRole": "Batting Allrounder",
    "image": "https://img1.hscicdn.com/image/upload/f_auto/lsci/db/PICTURES/CMS/356700/356798.1.png",
    "team": "Joburg Super Kings"
  },
  {
    "name": "Ziyaad Abrahams",
    "nationalteam": "South Africa",
    "battingStyle": "Right hand Bat",
    "bowlingStyle": "Right arm Fast",
    "playingRole": "Bowler",
    "image": "https://www.espncricinfo.com/static/images/espncricinfo-og.png",
    "team": "Joburg Super Kings"
  },
  {
    "name": "Kagiso Rabada",
    "nationalteam": "South Africa",
    "battingStyle": "Left hand Bat",
    "bowlingStyle": "Right arm Fast",
    "playingRole": "Bowler",
    "image": "https://img1.hscicdn.com/image/upload/f_auto/lsci/db/PICTURES/CMS/317900/317954.jpg",
    "team": "Joburg Super Kings"
  },
  {
    "name": "Grant Roelofsen",
    "nationalteam": "South Africa",
    "battingStyle": "Right hand Bat",
    "bowlingStyle": "",
    "playingRole": "Wicketkeeper Batter",
    "image": "https://img1.hscicdn.com/image/upload/f_auto/lsci/db/PICTURES/CMS/253700/253793.1.jpg",
    "team": "Joburg Super Kings"
  },
  {
    "name": "Ryan David Rickelton",
    "nationalteam": "South Africa",
    "battingStyle": "Left hand Bat",
    "bowlingStyle": "",
    "playingRole": "Wicketkeeper Batter",
    "image": "https://img1.hscicdn.com/image/upload/f_auto/lsci/db/PICTURES/CMS/345900/345935.4.jpg",
    "team": "Joburg Super Kings"
  },
  {
    "name": "Odean Fabian Smith",
    "nationalteam": "West Indies",
    "battingStyle": "Right hand Bat",
    "bowlingStyle": "Right arm Fast medium",
    "playingRole": "Bowling Allrounder",
    "image": "https://img1.hscicdn.com/image/upload/f_auto/lsci/db/PICTURES/CMS/348100/348147.4.jpg",
    "team": "Joburg Super Kings"
  },
  {
    "name": "Hendrik Erasmus van der Dussen",
    "nationalteam": "South Africa",
    "battingStyle": "Right hand Bat",
    "bowlingStyle": "Legbreak",
    "playingRole": "Top order Batter",
    "image": "https://img1.hscicdn.com/image/upload/f_auto/lsci/db/PICTURES/CMS/317900/317946.jpg",
    "team": "Joburg Super Kings"
  },
  {
    "name": "Delano Potgieter",
    "nationalteam": "South Africa",
    "battingStyle": "Left hand Bat",
    "bowlingStyle": "Right arm Medium",
    "playingRole": "Middle order Batter",
    "image": "https://www.espncricinfo.com/static/images/espncricinfo-og.png",
    "team": "Joburg Super Kings"
  },
  {
    "name": "Oliver Peter Stone",
    "nationalteam": "England",
    "battingStyle": "Right hand Bat",
    "bowlingStyle": "Right arm Fast",
    "playingRole": "Bowler",
    "image": "https://img1.hscicdn.com/image/upload/f_auto/lsci/db/PICTURES/CMS/349500/349594.4.jpg",
    "team": "Joburg Super Kings"
  },
  {
    "name": "Mohammad Waqar Salamkheil",
    "nationalteam": "Afghanistan",
    "battingStyle": "Right hand Bat",
    "bowlingStyle": "Left arm Wrist spin",
    "playingRole": "Bowler",
    "image": "https://img1.hscicdn.com/image/upload/f_auto/lsci/db/PICTURES/CMS/294300/294370.15.jpg",
    "team": "Joburg Super Kings"
  },
  {
    "name": "Wesley Brandon Marshall",
    "nationalteam": "South Africa",
    "battingStyle": "Right hand Bat",
    "bowlingStyle": "Right arm Medium",
    "playingRole": "Opening Batter",
    "image": "https://img1.hscicdn.com/image/upload/f_auto/lsci/db/PICTURES/CMS/356700/356713.4.jpg",
    "team": "Joburg Super Kings"
  }
]
