[
  {
    "name": "Joshua Brian Little",
    "nationalteam": "Ireland",
    "battingStyle": "Right hand Bat",
    "bowlingStyle": "Left arm Fast medium",
    "playingRole": "Bowler",
    "image": "https://img1.hscicdn.com/image/upload/f_auto/lsci/db/PICTURES/CMS/257600/257637.1.jpg",
    "team": "Pretoria Capitals"
  },
  {
    "name": "Wayne Dillon Parnell",
    "nationalteam": "South Africa",
    "battingStyle": "Left hand Bat",
    "bowlingStyle": "Left arm Medium fast",
    "playingRole": "Bowler",
    "image": "https://img1.hscicdn.com/image/upload/f_auto/lsci/db/PICTURES/CMS/263700/263777.1.jpg",
    "team": "Pretoria Capitals"
  },
  {
    "name": "William George Jacks",
    "nationalteam": "England",
    "battingStyle": "Right hand Bat",
    "bowlingStyle": "Right arm Offbreak",
    "playingRole": "Batter",
    "image": "https://img1.hscicdn.com/image/upload/f_auto/lsci/db/PICTURES/CMS/296200/296209.1.jpg",
    "team": "Pretoria Capitals"
  },
  {
    "name": "Balapuwaduge Kusal Gimhan Mendis",
    "nationalteam": "Sri Lanka",
    "battingStyle": "Right hand Bat",
    "bowlingStyle": "Legbreak",
    "playingRole": "Wicketkeeper Batter",
    "image": "https://img1.hscicdn.com/image/upload/f_auto/lsci/db/PICTURES/CMS/303800/303835.png",
    "team": "Pretoria Capitals"
  },
  {
    "name": "Shane Dadswell",
    "nationalteam": "South Africa",
    "battingStyle": "Right hand Bat",
    "bowlingStyle": "Right arm Medium fast",
    "playingRole": "Middle order Batter",
    "image": "https://www.espncricinfo.com/static/images/espncricinfo-og.png",
    "team": "Pretoria Capitals"
  },
  {
    "name": "Cameron Scott Delport",
    "nationalteam": "South Africa",
    "battingStyle": "Left hand Bat",
    "bowlingStyle": "Right arm Medium",
    "playingRole": "Top order Batter",
    "image": "https://img1.hscicdn.com/image/upload/f_auto/lsci/db/PICTURES/CMS/312100/312191.png",
    "team": "Pretoria Capitals"
  },
  {
    "name": "Anrich Arno Nortje",
    "nationalteam": "South Africa",
    "battingStyle": "Right hand Bat",
    "bowlingStyle": "Right arm Fast",
    "playingRole": "Bowler",
    "image": "https://img1.hscicdn.com/image/upload/f_auto/lsci/db/PICTURES/CMS/317900/317968.jpg",
    "team": "Pretoria Capitals"
  },
  {
    "name": "Senuran Muthusamy",
    "nationalteam": "South Africa",
    "battingStyle": "Left hand Bat",
    "bowlingStyle": "Slow Left arm Orthodox",
    "playingRole": "Batting Allrounder",
    "image": "https://img1.hscicdn.com/image/upload/f_auto/lsci/db/PICTURES/CMS/315300/315335.jpg",
    "team": "Pretoria Capitals"
  },
  {
    "name": "Eathan Bosch",
    "nationalteam": "South Africa",
    "battingStyle": "Right hand Bat",
    "bowlingStyle": "Right arm Fast",
    "playingRole": "Bowler",
    "image": "https://www.espncricinfo.com/static/images/espncricinfo-og.png",
    "team": "Pretoria Capitals"
  },
  {
    "name": "Daryn Miles Dupavillon",
    "nationalteam": "South Africa",
    "battingStyle": "Right hand Bat",
    "bowlingStyle": "Right arm Fast",
    "playingRole": "Bowler",
    "image": "https://www.espncricinfo.com/static/images/espncricinfo-og.png",
    "team": "Pretoria Capitals"
  },
  {
    "name": "James Douglas Sheahan Neesham",
    "nationalteam": "New Zealand",
    "battingStyle": "Left hand Bat",
    "bowlingStyle": "Right arm Medium fast",
    "playingRole": "Batting Allrounder",
    "image": "https://img1.hscicdn.com/image/upload/f_auto/lsci/db/PICTURES/CMS/303600/303603.jpg",
    "team": "Pretoria Capitals"
  },
  {
    "name": "Marco Marais",
    "nationalteam": "South Africa",
    "battingStyle": "Right hand Bat",
    "bowlingStyle": "Right arm Medium fast",
    "playingRole": "",
    "image": "https://www.espncricinfo.com/static/images/espncricinfo-og.png",
    "team": "Pretoria Capitals"
  },
  {
    "name": "Philip Dean Salt",
    "nationalteam": "England",
    "battingStyle": "Right hand Bat",
    "bowlingStyle": "Right arm Offbreak",
    "playingRole": "Wicketkeeper Batter",
    "image": "https://img1.hscicdn.com/image/upload/f_auto/lsci/db/PICTURES/CMS/312100/312181.png",
    "team": "Pretoria Capitals"
  },
  {
    "name": "Theunis Booysen de Bruyn",
    "nationalteam": "South Africa",
    "battingStyle": "Right hand Bat",
    "bowlingStyle": "Right arm Medium fast",
    "playingRole": "Middle order Batter",
    "image": "https://img1.hscicdn.com/image/upload/f_auto/lsci/db/PICTURES/CMS/148400/148440.jpg",
    "team": "Pretoria Capitals"
  },
  {
    "name": "Adil Usman Rashid",
    "nationalteam": "England",
    "battingStyle": "Right hand Bat",
    "bowlingStyle": "Legbreak",
    "playingRole": "Bowler",
    "image": "https://img1.hscicdn.com/image/upload/f_auto/lsci/db/PICTURES/CMS/289600/289662.1.jpg",
    "team": "Pretoria Capitals"
  },
  {
    "name": "Rilee Roscoe Rossouw",
    "nationalteam": "South Africa",
    "battingStyle": "Left hand Bat",
    "bowlingStyle": "Right arm Offbreak",
    "playingRole": "Top order Batter",
    "image": "https://img1.hscicdn.com/image/upload/f_auto/lsci/db/PICTURES/CMS/312100/312176.png",
    "team": "Pretoria Capitals"
  },
  {
    "name": "Migael Pretorius",
    "nationalteam": "South Africa",
    "battingStyle": "Right hand Bat",
    "bowlingStyle": "Right arm Fast medium",
    "playingRole": "Bowler",
    "image": "https://www.espncricinfo.com/static/images/espncricinfo-og.png",
    "team": "Pretoria Capitals"
  },
  {
    "name": "Shaun von Berg",
    "nationalteam": "South Africa",
    "battingStyle": "Right hand Bat",
    "bowlingStyle": "Legbreak",
    "playingRole": "Bowling Allrounder",
    "image": "https://www.espncricinfo.com/static/images/espncricinfo-og.png",
    "team": "Pretoria Capitals"
  }
]
