[
  {
    "name": "Thomas Benjamin Abell",
    "nationalteam": "England",
    "battingStyle": "Right hand Bat",
    "bowlingStyle": "Right arm Medium",
    "playingRole": "Batting Allrounder",
    "image": "https://img1.hscicdn.com/image/upload/f_auto/lsci/db/PICTURES/CMS/297700/297791.1.jpg",
    "team": "Sunrisers Eastern Cape"
  },
  {
    "name": "Marques Jannie Ackerman",
    "nationalteam": "South Africa",
    "battingStyle": "Left hand Bat",
    "bowlingStyle": "Right arm Offbreak",
    "playingRole": "Middle order Batter",
    "image": "https://www.espncricinfo.com/static/images/espncricinfo-og.png",
    "team": "Sunrisers Eastern Cape"
  },
  {
    "name": "Ottniel Emile Graham Baartman",
    "nationalteam": "South Africa",
    "battingStyle": "Right hand Bat",
    "bowlingStyle": "Right arm Medium fast",
    "playingRole": "Bowler",
    "image": "https://img1.hscicdn.com/image/upload/f_auto/lsci/db/PICTURES/CMS/224900/224923.1.jpg",
    "team": "Sunrisers Eastern Cape"
  },
  {
    "name": "Aiden Kyle Markram",
    "nationalteam": "South Africa",
    "battingStyle": "Right hand Bat",
    "bowlingStyle": "Right arm Offbreak",
    "playingRole": "Opening Batter",
    "image": "https://img1.hscicdn.com/image/upload/f_auto/lsci/db/PICTURES/CMS/317900/317970.jpg",
    "team": "Sunrisers Eastern Cape"
  },
  {
    "name": "Mason Sidney Crane",
    "nationalteam": "England",
    "battingStyle": "Right hand Bat",
    "bowlingStyle": "Legbreak Googly",
    "playingRole": "Bowler",
    "image": "https://img1.hscicdn.com/image/upload/f_auto/lsci/db/PICTURES/CMS/304300/304326.jpg",
    "team": "Sunrisers Eastern Cape"
  },
  {
    "name": "Jordan Matthew Cox",
    "nationalteam": "England",
    "battingStyle": "Right hand Bat",
    "bowlingStyle": "",
    "playingRole": "Wicketkeeper Batter",
    "image": "https://img1.hscicdn.com/image/upload/f_auto/lsci/db/PICTURES/CMS/325900/325921.4.jpg",
    "team": "Sunrisers Eastern Cape"
  },
  {
    "name": "Brydon Alexander Carse",
    "nationalteam": "England",
    "battingStyle": "Right hand Bat",
    "bowlingStyle": "Right arm Fast",
    "playingRole": "Bowler",
    "image": "https://img1.hscicdn.com/image/upload/f_auto/lsci/db/PICTURES/CMS/325900/325920.4.jpg",
    "team": "Sunrisers Eastern Cape"
  },
  {
    "name": "Marco Jansen",
    "nationalteam": "South Africa",
    "battingStyle": "Right hand Bat",
    "bowlingStyle": "Left arm Medium fast",
    "playingRole": "Bowling Allrounder",
    "image": "https://img1.hscicdn.com/image/upload/f_auto/lsci/db/PICTURES/CMS/335000/335050.4.jpg",
    "team": "Sunrisers Eastern Cape"
  },
  {
    "name": "Jordan Hermann",
    "nationalteam": "South Africa",
    "battingStyle": "Left hand Bat",
    "bowlingStyle": "",
    "playingRole": "Middle order Batter",
    "image": "https://www.espncricinfo.com/static/images/espncricinfo-og.png",
    "team": "Sunrisers Eastern Cape"
  },
  {
    "name": "Junaid Dawood",
    "nationalteam": "South Africa",
    "battingStyle": "Right hand Bat",
    "bowlingStyle": "Legbreak",
    "playingRole": "Bowler",
    "image": "https://img1.hscicdn.com/image/upload/f_auto/lsci/db/PICTURES/CMS/327000/327070.1.jpg",
    "team": "Sunrisers Eastern Cape"
  },
  {
    "name": "Sarel Johannes Erwee",
    "nationalteam": "South Africa",
    "battingStyle": "Left hand Bat",
    "bowlingStyle": "Right arm Offbreak",
    "playingRole": "Opening Batter",
    "image": "https://img1.hscicdn.com/image/upload/f_auto/lsci/db/PICTURES/CMS/345900/345939.4.jpg",
    "team": "Sunrisers Eastern Cape"
  },
  {
    "name": "Adam Matthew Rossington",
    "nationalteam": "England",
    "battingStyle": "Right hand Bat",
    "bowlingStyle": "",
    "playingRole": "Wicketkeeper Batter",
    "image": "https://img1.hscicdn.com/image/upload/f_auto/lsci/db/PICTURES/CMS/145400/145487.1.jpg",
    "team": "Sunrisers Eastern Cape"
  },
  {
    "name": "James Kerr Fuller",
    "nationalteam": "England",
    "battingStyle": "Right hand Bat",
    "bowlingStyle": "Right arm Fast medium",
    "playingRole": "Allrounder",
    "image": "https://img1.hscicdn.com/image/upload/f_auto/lsci/db/PICTURES/CMS/131000/131099.1.jpg",
    "team": "Sunrisers Eastern Cape"
  },
  {
    "name": "Ayabulela Gqamane",
    "nationalteam": "South Africa",
    "battingStyle": "Right hand Bat",
    "bowlingStyle": "Right arm Fast medium",
    "playingRole": "Bowling Allrounder",
    "image": "https://www.espncricinfo.com/static/images/espncricinfo-og.png",
    "team": "Sunrisers Eastern Cape"
  },
  {
    "name": "Sisanda Somila Bruce Magala",
    "nationalteam": "South Africa",
    "battingStyle": "Right hand Bat",
    "bowlingStyle": "Right arm Fast medium",
    "playingRole": "Bowler",
    "image": "https://img1.hscicdn.com/image/upload/f_auto/lsci/db/PICTURES/CMS/324700/324707.1.jpg",
    "team": "Sunrisers Eastern Cape"
  },
  {
    "name": "Roelof Erasmus van der Merwe",
    "nationalteam": "Netherlands",
    "battingStyle": "Right hand Bat",
    "bowlingStyle": "Slow Left arm Orthodox",
    "playingRole": "Bowling Allrounder",
    "image": "https://img1.hscicdn.com/image/upload/f_auto/lsci/db/PICTURES/CMS/217400/217463.1.jpg",
    "team": "Sunrisers Eastern Cape"
  },
  {
    "name": "Tristan Stubbs",
    "nationalteam": "South Africa",
    "battingStyle": "Right hand Bat",
    "bowlingStyle": "Right arm Offbreak",
    "playingRole": "Wicketkeeper Batter",
    "image": "https://img1.hscicdn.com/image/upload/f_auto/lsci/db/PICTURES/CMS/345900/345940.4.jpg",
    "team": "Sunrisers Eastern Cape"
  },
  {
    "name": "Jon-Jon Trevor Smuts",
    "nationalteam": "South Africa",
    "battingStyle": "Right hand Bat",
    "bowlingStyle": "Slow Left arm Orthodox",
    "playingRole": "Batting Allrounder",
    "image": "https://img1.hscicdn.com/image/upload/f_auto/lsci/db/PICTURES/CMS/317900/317956.jpg",
    "team": "Sunrisers Eastern Cape"
  }
]
